peak_players,total_reviews,rating,review_percentage
9482,12232,77.55751153049522,92.74691614941307
72272,29820,40.32994409229078,16.099591676736637
63962,37376,46.62640781898361,34.32709331709393
42090,11448,92.51409150147094,43.148513652782
88316,35804,58.812230358598704,69.00924654072651
84334,34031,65.69672353075873,20.339598727126198
61749,36247,2.907660787922379,1.9765197026089887
13565,23706,66.71041189770804,97.67442210453538
27765,418,39.05858772136486,89.97695279068921
39838,32356,46.101017327329934,30.72198645338805
70464,41181,80.18891166207794,48.864603148129895
56362,11383,52.33177208281922,49.403100828316646
94892,41729,97.71333933604281,87.05333000699996
81754,6763,79.08749062299653,60.108953973518815
39633,13020,72.40197172855805,82.81667125302913
9584,3377,58.691292402075646,91.28742098315986
93668,17879,41.41487874272574,57.02936003954718
64663,41165,6.181488697285747,29.26276430613187
16683,44266,2.8125989281928736,50.37207277845492
81787,4858,5.5823591191705635,85.23609126369423
91708,15370,94.9659656232936,58.7782982654273
44441,32355,32.67478725648494,89.67646876668191
11735,36491,69.659729268689,89.64816491891615
55139,15646,59.24283122251433,37.96260238458747
33454,34699,57.023435524898176,45.36327566401174
45013,40430,57.765673261327024,68.113462263856
33758,1576,30.624990690315876,11.995381066086
77080,19830,87.88018945882774,47.090164526436844
62695,4080,91.08221022153597,15.789159069170795
76143,28074,64.16352695516268,84.94766222851028
25048,39810,85.66702365665988,94.33565864599792
44629,1867,6.878139658120343,15.013338677614398
57776,8744,10.838342574152886,67.06680111419305
18413,22219,55.78849001018431,64.01777968075297
14863,42908,83.95768999823943,76.24740530243153
67384,506,31.912081315720204,69.88218563433458
53149,4837,54.70947978353609,22.495774496224254
33460,39845,1.976132085439921,29.83005277028684
24184,9207,97.68974118851128,17.357989351142493
45189,47029,76.16412509459919,92.19325590710575
81799,41266,36.41907635871656,52.660523046779474
59161,32279,97.33525740429934,97.6399540560116
89291,23886,10.057942951191466,45.48286329185139
8931,42781,46.48922500632135,55.71959395303674
92535,29108,6.767425930170212,79.140098277651
20894,48049,33.826572106207365,79.92514232237474
32160,47497,22.497689623418644,23.883809637594407
20917,4571,32.02198361175042,29.540003746847358
53268,44218,93.84611297247855,10.682876917206356
88475,33666,42.864325679234945,80.74098565595622
97966,28268,32.83635950351584,79.59229064764088
62281,29015,63.79569324505266,9.044622007701761
15527,19547,67.97018072452896,26.48582647782229
34876,41791,97.40934889875287,45.53683399952099
36671,6037,54.51366168471763,54.63611541470844
82211,38110,74.75123709398945,52.73187768730074
94369,33106,38.452171887406486,98.32445348171944
67607,46291,17.76119933188254,76.64841953078366
62706,27252,43.123872085483534,12.205594399963763
32401,19845,42.04003219176795,30.056735416168
53369,49524,42.220122185923465,35.19729642803413
28944,26999,69.15123447101301,32.1996586776264
98268,31960,40.78234650480849,78.80861999105731
60840,7900,94.5079474797571,36.69556527351564
94610,35600,97.30946887365846,49.75024518976247
58690,12504,52.28942008274611,53.811962616425845
82388,12422,55.72751290290515,27.7719436555425
69891,44893,40.94738443085064,32.946883881250386
24527,14258,35.84817100432074,78.21975931325258
88578,33682,97.56200052361595,86.8016134267381
66032,4603,4.984373131199684,4.670930167964403
34144,40873,41.18845080846774,60.91030147715767
86371,49573,15.831357943896956,63.710115665654385
28045,38155,72.17546629626705,73.99361095320546
26507,45364,20.055676311584584,69.69083054798074
59107,2047,87.69528138294896,87.86502462516884
71376,40633,37.698841679492546,8.76875891290995
11458,40355,90.88057582387056,39.448851614440514
37920,31889,97.6831279483544,78.42685536587715
22166,16090,76.57479855888538,84.81142118084816
37977,46954,62.06948881722244,27.212075389785163
72385,38278,15.690363140812142,58.94312035997406
61661,44939,92.43991293908964,18.895736532946174
48578,24488,77.13293237637751,85.23854063507572
41003,14207,29.228486315796264,73.31258475605281
80666,2581,46.91318956752095,22.98444282091467
80929,44365,7.631170578974834,62.753542128743334
19735,4493,65.58203159607201,51.422717223855315
20429,14726,13.275937532824358,26.623846390413213
45346,21228,64.85006591963105,89.41913754646151
10291,30746,66.81225881238164,15.636090471788561
44310,34215,32.813647082546446,47.27852046221959
28534,13343,93.96894255042616,58.697030180449474
23126,48983,77.33832557568016,82.53101898637854
35415,2930,49.679898193155175,15.867811324390772
32437,37195,91.01978035408997,61.30828621164752
59843,1316,84.87263986777936,1.6494146455903733
48096,2887,68.83738612421145,82.43555010920869
33769,42464,15.990600807447798,24.23851246508586
90934,32278,49.71324470097933,72.37061608115333
17060,9248,85.71344151105572,60.58590114018636
58002,25845,60.67137159115336,5.96261091281305
63511,4878,54.460121589031985,19.139771591067422
48815,16661,94.6119716292339,27.50632889288418
15276,30836,2.621710408106376,88.78604111094832
85024,32755,2.1805457234924948,48.59953547858943
16871,30070,88.49641097359054,91.43681859242535
96939,18819,4.776647072472137,5.697540153605939
72691,11299,33.58928394311049,1.6498234978956376
75185,18351,91.55449721570596,94.87641544982718
74027,16547,68.73295419389639,72.66777376337774
5786,2201,64.51957277466647,78.54836302315164
82481,16861,65.38583488525335,91.66475579606616
9732,4648,32.129011927211494,98.46933053755109
12355,22554,52.99229191923295,10.673504623285009
19204,19812,62.73736027659275,16.670843068088494
37210,18378,30.96010191777804,19.668771446427332
66130,17390,78.94566374880436,82.02334821976783
61150,8386,32.53133915902062,36.199441406725505
62324,22117,8.001527043051997,59.733873276060635
66012,40706,20.74254823084314,85.66696928814659
57417,14058,41.024221004333306,68.63282413569581
14357,13015,89.98947703812856,7.476124003376405
30715,47734,41.74464580350472,45.121711815757514
50105,39510,9.800772554256202,7.682505109121534
92194,35100,20.252763130169583,48.40551092387035
64727,47228,54.357813658629155,22.71096882390706
83295,22525,18.41028846092774,1.1295117529845897
76264,5789,7.267551991771642,81.50202738741245
24385,26579,71.05318960707241,96.9689015958831
25962,26452,77.86604473895844,96.44913549532063
59155,45037,84.36205705061701,30.61933418256905
50334,35160,83.70554781319494,83.04858739622148
63850,25125,38.16743884650483,68.19891324007683
64572,20873,72.97805824505147,80.2075626396343
59814,47312,58.18680822940119,84.77756677799016
78470,29503,3.2897015796581517,98.04759516608189
60127,38690,40.35661475137093,16.021234129037406
20683,49248,6.182138005042944,77.2048563744459
40984,38865,9.16889343314927,73.68120680411842
6043,6556,6.488239820051162,29.485847931163224
48960,7550,95.1727607532684,39.8661680245414
69528,37527,83.73169709847517,18.499046719774807
70933,29506,44.03223879501765,91.41404611549093
30621,23581,25.303751840928513,88.05423675512787
14011,30125,8.100181293258274,61.78946644554076
93810,29869,43.25723264644248,51.65136998858594
56911,24297,59.83458234364305,24.055947677961424
67624,1237,79.11612566495305,79.17075214596677
35260,39846,6.052976645409171,1.8122863197188188
44379,37083,41.95126171663322,46.81588246563276
72132,17027,96.73202967208435,86.19456653550932
84273,31940,12.830612470436549,62.230048108842546
19440,9912,40.2293406890175,63.87716131559125
81033,35688,27.95542171433813,8.000035136324977
67963,561,14.135856829818342,29.383768215144613
81606,38269,83.21667744761673,67.71235835402202
67178,5372,69.31729061370959,5.91211282405519
15976,35828,41.332535455038034,33.76263959507782
22307,10451,37.16859370878466,36.04051179242707
38728,3795,82.11937842790977,50.3731205143901
57625,11280,9.896816873870469,36.87514998608171
26223,24455,15.389661484229963,45.95763620892641
18297,49100,89.84190079316674,55.152737298114666
4869,608,81.08625209697144,13.706436312117173
97149,18193,76.93802073198087,18.86706605272571
82744,6250,62.1496405817739,83.41858844121211
52477,36523,29.660105054191913,46.51702630450996
10097,6676,92.60908731552098,36.16005531079791
34760,38082,49.203144529997815,43.95426990398624
5591,3275,28.500714054111416,18.3070367283876
44330,1454,36.826311448069944,24.744878220507296
75960,35515,2.6504194892015924,52.03683071408691
56304,24378,26.00558805914848,36.53372313384498
47887,13509,19.41969864834324,48.07015419751591
28939,5696,14.284550922977056,15.820762609332393
57978,44313,4.149719331655106,16.49036489998015
31049,18594,23.23379345491106,39.010358943630315
30697,33468,11.144834370899659,38.50690563684428
37780,38415,5.423757064973454,88.4499020089539
55746,38343,14.45758139164258,4.31168669314292
78650,37315,20.835529625616378,99.2926887236018
98787,14021,41.764307861044536,95.69578286342369
93223,19769,58.20217725159151,54.682844115141656
84710,3904,32.582054518464986,72.1570184335477
50561,1662,14.843422716926757,93.59021109069278
84574,20501,93.15173525948447,25.868196679505125
88742,4526,51.45566379765422,32.247430198346734
23427,43135,73.7042726041826,11.981543656413463
98487,43040,69.05464384434931,56.8207656151804
55997,35094,28.919882198514863,16.78538919138175
6197,46281,55.86646868739959,93.1561910233381
53741,36704,60.012083353500216,43.725117863488954
34837,22083,35.475520360162214,92.04898589386691
39819,12241,66.73512341743462,21.304890261773323
20056,7700,78.4863020410323,69.7096109741468
7394,5637,36.69263396936557,65.11161572730943
96685,3803,2.4617064111544136,40.567892364632016
38319,9361,35.2349218878266,89.93596958348668
66276,43542,12.447929139727641,44.04540304130337
83860,17110,16.249573139972227,20.644622515987223
88289,35872,36.863048740627136,97.7215527334833
72651,15954,21.346867624591116,44.70665889685732
41495,48562,92.61911743191732,21.599224790095747
57944,23437,64.97468638907495,36.99963338766143
65687,28620,51.79968762553315,61.7374361971815
27579,36162,1.952985582286557,51.690726025525876
73663,44127,11.154538838086538,63.87658526019643
94595,44070,78.27082897799967,66.52387057332923
45445,14736,39.19488877787188,13.214722139570949
81156,13011,5.458333219620213,32.173611433379406
42620,10548,81.90479119167262,75.12139808803852
24002,48829,30.65930929334354,65.38635766619255
69479,15947,38.856970953473805,9.746485345782075
99609,5997,96.48816892282079,32.19961096428634
69477,15635,2.520248621379266,93.20089278761155
15850,39225,71.68979052825996,86.33925293246071
83368,46892,93.99064927855551,67.39364240537269
81662,17914,7.258239070593286,8.21351823310664
30444,23115,85.87554838778442,61.09846347218418
64710,27627,41.791685966531745,2.2066250521222015
90368,16855,87.04365855037993,66.45151411179964
61194,19554,31.210910103261433,73.38994335164895
36562,26460,97.30094660899294,50.22711834084475
81448,18924,64.41084214779707,1.3768577957008445
84150,29956,62.454855322860986,66.99440172198499
99086,49598,79.97853152236823,82.15426846835216
28351,39316,43.785434824919264,59.0008793301361
72034,14772,26.34962394662061,71.21055296844409
82518,25738,26.76715888647053,9.941814572894831
40185,35793,33.39916758101436,71.81686331594223
72960,34630,61.50055818827309,61.80510324211992
4068,11449,83.16219359995904,33.77095277805262
20811,16440,49.9586320859235,68.84806553517664
6053,4885,40.53792657437797,64.91270535853259
75888,8340,78.79707839172336,60.34656375989251
67728,1540,29.387454866505035,19.11159492832585
25414,10988,68.5254563658056,30.32595075111174
90365,37043,11.368911631196521,99.14689440480777
38093,46454,12.09735009236192,43.877808232100335
35285,28739,64.11743672293927,6.8832258319386685
35792,37632,9.10955039900894,90.00152577056895
58832,3265,16.1950140671386,18.120276655071724
84219,18749,62.18816760171549,40.948462126935645
21476,27037,43.94396231592994,28.521892432638694
24416,39445,56.007052382168645,96.42366986301454
4723,39271,96.74040543371177,38.431759312069964
15537,29785,62.93218171733203,71.16297942712515
30563,37415,58.90337881662501,60.23991422127492
97831,16071,38.25353197655623,5.254541988583506
11911,18485,62.82600430994249,39.04715317146772
20588,37373,2.2739535184765822,39.61217429802993
76895,40774,55.617384435577264,98.99349921504665
36627,11276,7.751941330037529,81.38094140479647
6408,35035,22.57688019996195,85.80877333603064
58174,39820,56.18585821428234,32.0385958320963
88395,8849,66.45915375391336,33.57640689622064
30708,43605,38.71006095926992,52.0449651351421
89881,22187,42.060031766960556,63.47049814011512
47977,42306,49.80619576976064,73.10105532338827
86450,39143,75.38931155896735,82.25938372283261
28035,27139,2.727521615836392,87.44701971471487
99264,35212,44.81266387799283,3.4379651725700455
82169,11192,2.3988125948689945,79.81349242214142
62670,1959,32.27590234201274,61.472861989510335
10793,33687,51.94516488869598,53.6763931672795
87445,15983,8.832089799413183,63.21816734897503
33912,2727,48.55092574168447,88.31188633114965
3208,32916,91.60824255529991,54.98379853644885
9480,47648,68.16354909499952,17.056612583997754
72007,13100,77.66076184392715,44.240937869338666
21563,22091,57.88059338522654,92.52149382236193
98181,37513,88.84318004462823,81.63389193381819
1533,20297,15.393190618485304,21.10151454007818
7268,15696,45.079031254055366,71.70023132652379
99484,15180,59.50925696948338,26.366445427433923
4032,5218,86.60058347447807,35.50516270203752
29140,17018,31.18500405528729,47.42281903360464
79193,46323,1.110541821044873,44.64609315820848
34697,22992,96.49258288222677,3.898702841334284
8963,25665,3.5457758050207513,77.62691327303638
5514,37022,15.931939269493952,84.7922134226762
40688,20616,42.36054028593192,53.56338072825359
31058,43424,49.64424167379031,18.122157203975426
53501,16042,82.77766382806013,25.54586452304906
29092,42379,44.88615909173507,13.507086865155626
36608,36158,54.64805539178435,17.78111917897229
98768,21432,20.59998734350774,87.7633419841793
74040,40737,56.77755251571027,48.53611630008958
98192,7705,35.14160681257416,11.990333317222817
23022,43587,10.675763565033527,26.21978093688001
70434,23702,93.75336335216706,95.00064020677952
48392,44126,9.005059973452004,51.41730332378814
8651,8649,67.43213517740327,52.047795335746144
18360,18408,90.00292898692507,53.03884151635527
92072,3128,18.56205611385829,12.050064622441592
69963,33093,24.23753128064411,97.06105220740415
96079,6942,42.817262983956326,9.364088987473231
95011,15379,29.861976882237514,70.30380368764898
83000,43947,75.38524769424603,6.718717076791309
73825,22980,34.13903079964387,44.915585271434054
71201,45471,97.61188296102293,90.06814902761154
43616,23279,85.16114878597703,77.0760096961164
93661,29759,88.74372511086568,34.13292614168717
34839,46033,7.2390999562123355,55.58342882870344
60004,30522,18.278229024050244,17.36219090620535
16268,2965,17.598103878045595,95.65590370303916
77440,13026,66.85253552121311,71.15905703111771
10016,4747,2.1673146691663954,38.05508233668999
69620,11269,80.0297675976482,32.47552492027353
52020,22158,54.61050980568471,24.62523620597276
4851,15937,56.49867709556457,78.86543537610683
21706,784,53.65896937961915,44.0268107907297
67523,24265,53.46389719288068,33.69150488339804
6483,48591,20.39283531408792,90.61695295698154
25567,18187,28.751612738265088,15.871576809574595
40613,32128,48.78651086768059,27.11971391233081
25435,47291,67.42876075719973,35.13180553550516
2023,29141,27.651468481806603,26.72529706929384
13755,46616,80.00122264975568,58.95490108088941
13315,24649,80.43813044254085,60.50208003879013
8606,1314,27.840181901289537,6.420148275878005
37062,28345,55.88633869430209,15.3083773424176
90047,29735,35.19443974433813,20.654346881555142
41819,36512,19.687202072861922,7.962478782986996
80562,3592,79.98799566799315,13.351436940631991
86033,13719,98.16515939404033,24.72548750957663
32932,41467,56.4404794628511,35.216440131389135
65848,22994,90.56677707624992,79.33959219419413
96340,38480,63.93254313939058,22.57260281004316
39513,4222,56.44092275470833,67.3325573128915
41299,11860,48.05419824464901,6.730220938887712
51308,47837,24.10006673594718,66.16585170407033
13797,22599,9.257016585678645,79.67720135986556
9354,12289,44.348919965650616,60.875986935618364
38167,25149,56.008371527788015,20.937836747113465
20178,46074,50.92606611379757,33.7103933723782
95989,8153,69.16592227008324,80.71295353726494
58397,3574,19.82568078961897,43.76521735663435
10068,18411,35.71189193349017,26.268230144908884
40661,149,41.725592586446105,93.33646212097837
6161,39803,19.279283946674575,64.09813080444846
41550,31994,89.83349293986848,80.76575634427375
25502,9918,67.7881228264659,3.4256866057241404
53017,4329,10.002509941552054,34.59432173314688
28260,33988,70.85420790698454,46.4307933359167
89405,18780,54.68318539000851,59.154733859440526
52860,18761,52.346165745728946,19.80721676054298
97417,274,97.99900596053313,50.297401719199186
53440,32520,61.58368047520671,68.87691140127907
91151,12292,88.87936291363876,35.24172961251039
68190,34258,90.52779613040015,69.45277810076784
64086,21384,10.93902591060332,39.57574999681222
34565,29373,1.819501125197849,47.47687683480568
75437,25695,43.65615712107528,14.294997156654395
30300,48288,76.38992814202021,65.47618204011863
88532,29432,81.77120362239212,23.203293114313833
99328,4373,78.17441657012235,83.05616277566214
57604,8543,44.834219934391534,55.79089373364874
29629,38019,74.49648361657937,56.46541821190526
27690,35435,71.44009940356563,91.33517571895716
44704,5510,31.75428659455076,17.57286841963914
27926,4620,17.534614903410123,53.493233109888955
71650,6730,61.89903428775557,38.83829603414287
30149,30359,67.35446643384431,96.66608343486803
93816,46272,56.66112770505498,79.47869063795699
43416,46715,21.89159555612255,75.99258559827635
64084,17871,28.113985394834668,21.208014257334273
92185,42077,70.43165460301528,24.49500133898726
43195,46010,95.33699167564747,3.888901911791052
87617,21635,93.59388895247668,64.21500083230313
5484,43452,51.9264983488947,37.71270280197991
80038,44951,87.8828285270159,31.892028743058958
37134,48676,3.8862176299226547,64.0660913255796
14251,23667,85.39290791657217,83.04007391039798
21908,12615,47.66278069660321,14.169925053326091
35832,26565,77.58967882101517,91.94748393669086
32975,16286,1.5471251395683159,4.392851680534786
5538,35790,86.11895686816237,10.415527683278263
20810,45963,59.30800299332571,83.97468577307548
2016,20464,24.54257902871716,49.777678854937854
64055,6746,35.053339334679045,93.98623057281684
6690,15276,20.665276519260704,46.70364666253084
12615,3837,42.591764268896554,92.68617560962174
90568,32673,33.34059106549128,24.72333293743874
62831,38286,53.38131135109711,62.02851265408906
95237,14212,80.84887530550691,99.45233229162972
87146,41747,97.26297598773444,38.23021799770712
38264,43105,25.642848791262857,1.1440137663790737
37986,31052,11.437809743896576,7.341168342721855
31770,46479,39.775390490456275,86.04690075112445
96823,17174,15.06831906280266,49.69667788031406
37602,48586,82.75553980426672,54.135101640382715
24743,994,50.11023819456366,80.1431843628937
62395,44791,61.756313476047424,81.34632186551381
87089,42737,15.760030319086587,48.2647094905602
41314,40376,74.46166395198352,85.94801690006979
96734,2679,96.41101756962613,47.374070875628014
37311,28628,48.27375464624187,67.82711606302746
42070,34374,95.32081586948306,4.30282127509312
12974,28256,4.4021771964532785,14.661939299308541
19608,6082,4.5008259538068325,85.29058368810796
20475,20762,95.08126525442036,31.998723808122204
45040,29466,69.62602854824074,34.139650118865106
71688,21314,19.49159324835247,66.63612851675587
85047,33528,36.65973031107179,59.66127692226456
29163,30410,50.759800656960934,9.136675424249878
17061,38611,69.85849808573697,76.81073839089784
85093,34635,83.51860289717249,62.10502052146213
38371,42370,9.100327661893079,85.67785343281042
85342,16383,65.34426410191355,54.01419409484712
24516,10932,47.717718536518404,42.018158762370426
38397,36204,59.56698299341674,37.76270531460379
95358,22689,50.83609744790762,1.4374736983538834
38145,2177,45.16791894992661,4.938638041824261
38168,47606,21.140254025612187,13.989931102785338
62099,18529,47.288919411179954,93.02420128952814
31446,48840,19.58620352809342,88.18440270188133
33363,32908,5.371925728716179,50.222439144502474
21368,24342,37.63480011290617,18.839442948169427
87669,4055,3.4456623974513994,15.465024697565003
11412,26749,56.12940637615596,26.35692876746761
89767,35974,8.094460427337374,90.96356006168325
41605,24888,43.880256944114194,52.6253378445229
34164,29122,97.0539980627723,80.60014265021533
12929,34075,1.968389020655923,51.16868109330435
18127,37914,36.951747630317236,61.33528445936373
88199,33033,66.97975988416825,61.40015889165627
43413,22524,16.57385665275078,4.102439864292305
68553,38998,55.951896873871604,45.081583285159134
95258,9794,26.302655144331023,86.54085466583531
61630,19368,22.83133177525412,49.42076455774376
77395,42842,88.70838797310327,44.09820671141691
96091,35185,20.9214869400557,53.128011849955655
47795,15722,37.902067654999655,38.6959367557462
31422,47622,17.620555477706603,52.02459678737533
19706,2142,28.820998495864316,14.3991367942925
46743,15482,29.724454651992907,96.82673175481531
50513,36254,33.02375632819252,4.378864058420775
34167,13215,63.824559809019064,48.83753565967931
70190,30623,73.77408882493039,21.789260706732094
83482,38046,51.04563251406135,6.777224787159249
66077,12684,60.82664613024664,65.51883247420186
93386,39816,80.70033720436548,98.53294458130705
35832,13499,98.95694481136107,75.2108904510754
85551,15591,45.73758666168485,26.14804607099598
11691,5107,92.77058056807928,49.845517186622665
68552,2909,49.05626911679364,5.928374041887424
34393,7521,77.6359757441684,53.63535553099802
32189,27000,57.17585842453406,10.846856617275595
10856,31283,87.63584407324225,79.66615664582588
17447,47233,44.97291375844242,6.6139335007704005
92061,47415,69.18987012712272,1.9267356241574967
49279,17537,46.69889148338242,86.2941468195698
83816,29322,84.9886853309958,94.31167889977556
88778,14651,98.44813055595351,9.568848489852504
49616,15404,24.844869208739365,28.612749248387253
73903,41402,47.48521839431102,74.42803055491888
19463,16401,8.963154616517935,54.42569306124593
17384,27985,14.817553552551331,94.97444448065536
38569,14387,92.05671786006604,39.52882109341687
21393,18246,54.27415009611224,1.3289660391330405
94165,8116,39.721369688154056,2.9548183074854713
99254,31507,66.80528787214021,56.920591148041
82641,28046,55.89580625537097,75.45843438991776
52915,6939,29.294336850788124,79.2710847789965
85553,5125,23.2082216134995,91.2401868696121
29823,3833,58.8434955008923,23.678379547445715
93529,5717,19.45002009871767,74.10218463153386
68218,25151,14.638865875674227,82.88271142943957
99866,10760,32.20198112177198,83.79125979333377
40760,36876,85.4114241880599,41.742813320674934
50409,13888,4.608305210437227,62.97231766899561
73201,13094,82.66009285502355,55.604965040892
59308,41300,61.855435950536084,60.15110754207926
98382,3753,4.956530240584616,28.921092356777745
13477,34528,59.99981380605257,68.64021038234675
87593,5461,42.74990166573388,71.2917137158634
30959,23210,83.43050559432363,20.398890054998237
55083,44177,89.90547364497847,44.919611421086124
65698,23578,29.076329797366427,42.78845205184566
27417,14339,77.84866088749975,75.14611419045647
86795,22251,31.360677273452072,66.98380296468783
48751,41502,29.97227481920642,48.14338722586612
37861,917,19.878557389073123,65.60059966425959
20038,39818,67.49192477167693,27.023298916509397
21368,5918,26.645176944623394,24.002440358346572
66210,6011,46.556117518246204,24.7520456226415
79328,41505,80.58855257262023,3.9202698586414937
84789,8267,78.60745848732445,69.41654987470415
64367,38991,84.8333757109482,98.59896062914625
17761,28075,16.784322303814093,31.59418201357106
19776,3480,58.51549070366955,93.05350281111633
14517,43453,90.65430479458436,61.04771832772044
65470,46238,5.120908457600463,23.268492268766984
32976,12192,78.86362375384041,2.174599077203263
34547,4995,25.131246990337353,72.64941142355438
67401,36147,66.62605233459547,69.96084926421496
82456,33151,71.30569431485162,23.696079946559294
8091,34245,91.70734551247565,33.93780382476024
34306,9707,50.86234339745057,89.90662719230025
60099,26821,84.12664859287322,16.566097792448375
48571,36435,5.4411652347629,83.70894294406921
57693,49773,42.21319246521718,17.753120809256846
58577,33619,44.072855009554566,48.690986438111224
80004,34006,53.75129063267566,50.39756348277047
15275,29204,48.171366527250285,47.736874997156924
7222,37138,95.86022904652957,29.505027337721003
88336,19728,8.696877943111605,26.083108160513678
65747,35429,26.971632869054368,73.58232213080794
12455,37469,95.92562058205533,28.292013415537202
8143,9863,44.63964952848484,61.381621749326506
12876,37068,56.973430309463744,84.81732902137983
25463,47191,8.940503342228839,83.8664100286543
95997,45709,28.836986236315557,17.54798940663402
73750,36550,4.885866468828554,65.81902665373644
30200,15831,14.475474563803239,60.62563404972324
51048,35270,63.06485214324401,28.916466573456024
73024,859,75.8350014576199,39.75394411831093
9594,41234,86.26831793617659,29.226189438297578
36069,20833,25.643509293530084,54.16945084834433
47094,44127,33.620656477099764,80.5591123973976
36352,16653,56.80104098918442,87.87283030204277
55379,7843,9.201214619858636,72.55953572657262
99102,43135,80.05838949851163,48.86158575622003
44070,31594,48.36262175346426,95.8514330751045
50394,44901,95.61974016407457,56.824022136370075
3350,41287,12.496968884519573,48.37612218382604
92074,47126,14.062457332305975,85.82058867668087
10331,29842,35.160573843473,19.27770954502305
97209,19607,21.26269553911148,16.629956181624948
11559,21624,69.26583458183723,78.47170467100787
80311,18416,93.78742484430384,87.1865122068342
10678,35594,9.810641975601467,8.204703383854195
42924,23329,24.739160645022174,76.64452405809295
69201,42724,24.314018507199208,43.02171032103917
66356,17615,50.889160268296806,70.66895548697516
14129,18531,45.29849335508237,14.361964270414473
73062,7128,72.23288821013054,97.32826251324929
24681,26445,72.79785964079036,88.24674911191588
71781,39363,57.129937418650194,41.19128029852458
58713,15995,58.92018140081721,89.44252378720213
35162,46828,83.54700620887384,89.5976469866076
42788,48049,39.899770899739295,46.664049466586924
56556,43123,2.2096089330155966,94.74166469167541
52227,29980,21.87696829777024,97.70885543274528
79273,27612,4.465486847446021,22.504061158395924
79350,16127,39.562629834306435,7.600001284914479
66911,14654,36.06789129210749,33.78382861887391
27405,21810,10.665733584390333,49.39469084815739
37758,8657,74.99250790501159,10.174963472952067
15861,35978,55.19995193254909,14.925296190614802
29703,35387,23.1187671584446,97.19821307585818
76819,44992,75.39435543482976,73.99275903631039
49581,7600,66.45725682011555,87.6188688567425
31043,40219,19.776323700290142,97.14430330463654
40027,35431,97.32305640268189,38.43629157079052
87387,18120,18.387754453841648,69.09853021621237
1994,17272,76.62662586791178,19.218177448583596
36257,6499,95.8920753447909,55.61505287642685
69197,12787,72.09921366074315,21.77796932003882
55642,21406,66.24615279631784,16.88266532701702
96933,15206,89.52550178823631,10.745919540770904
16344,36765,27.37495500079588,58.39391969384026
4515,49284,28.161263545650193,95.03526873403814
86982,25436,63.83371809303005,13.09995769025328
23218,8712,87.44950240977168,50.729131082656025
62677,20057,61.50266653962961,69.01974360921427
92466,14325,96.75077811833222,50.09030638931408
98180,5173,22.844426317941764,91.26581651364671
90744,23164,81.93620108005587,17.463269415126394
28395,5274,91.87183752861601,3.3921628397519847
32674,31807,42.846234999337575,38.92869406801351
6515,34708,95.27428761976833,55.993392071376306
8920,10796,20.81046680464676,26.19620204940242
95510,24478,94.37772545975014,17.674921224930127
71612,10175,89.4751898266572,80.67894521729897
64968,4834,7.482295471950145,19.66894401627521
83148,42420,52.090497586198765,44.82553858728608
13102,6144,52.82622704671159,95.4936299442724
29725,29254,6.583395836183077,61.65777853329358
98422,49518,4.874053690532978,50.27462182280612
55839,46899,1.4994845198250084,36.66477303460943
65072,45254,52.40186665505205,52.51815985173613
30792,49706,46.453929188978265,73.69639899446106
90886,43835,93.16509896852632,82.43019661305901
35062,42892,34.546018954093896,65.33492594165847
87145,32423,65.50628476207235,79.2413884177245
56031,27168,1.7412146347795243,9.753360676893248
83436,13252,66.02676768842255,2.423070563484699
46999,28134,90.51908235463735,73.70669205996577
86408,8833,35.767259753175665,26.90870295258142
48284,27370,31.777595974795304,87.8901467868335
97873,40086,62.350926757509896,54.04921708835722
64724,49802,33.198102414833656,48.3735738475891
21991,10265,40.43700079669809,77.50905847400793
81404,27779,27.765421004602153,74.36850435163194
4009,18886,34.79914221533568,70.72337670660778
74699,4409,67.58224001825052,69.30019464405342
9416,25284,91.39276826976611,52.02420372064026
36018,33932,58.145316620164735,92.72107806157366
61246,14613,1.9832779949763097,89.17349956300941
77709,25621,26.861471056278816,33.61108920458621
66184,29899,94.31937580794005,80.66475938679748
25295,6565,90.2115328553501,89.21974287734096
9327,23340,12.333429480854107,62.207242141443096
80331,47487,90.02487218059812,56.00234007810342
43012,30226,95.52384425781419,67.5167880118692
59718,3834,32.808045784513304,17.143005090392005
65568,26888,69.69866732152022,9.647023944733654
26927,42718,55.87827672033571,82.19487722174438
40356,22095,34.03086653797633,57.75929648343744
51545,28646,16.02690653001497,13.127647543191348
17310,12515,36.958181962333796,42.21548468734208
66906,5615,91.92406400097423,30.525202773573398
98194,23771,80.50234080618793,87.67231746834274
19043,25805,33.406104003004636,51.214797933454264
53595,36459,54.67218449706036,58.17374206422107
74193,45745,40.78424451353898,24.29375008790558
51428,28524,46.69130910329549,80.10729121154276
7629,39328,75.59864722853916,93.08002747206599
62286,26901,54.21460769318432,79.45694052114877
64745,37029,18.742357414355574,49.793055176580836
11257,45564,27.365491524844828,83.67380424462249
95719,5470,56.64379846400502,19.60792824507854
92313,24947,68.89631687306155,12.227952343853943
50360,13557,50.79580188349276,44.38369290867438
92948,5585,61.78063216943711,18.971912240782103
15862,2522,78.35894125439702,26.656895055317722
48338,12179,54.44840778839006,58.92655910944528
36974,36726,96.76476210512534,40.98640826459048
30904,37430,24.085727876666898,86.72194968143363
66746,19496,91.12944853822526,23.335622202037648
83192,13680,25.27065989014106,99.68227919763923
24711,46389,53.10116849050277,36.57994817671301
40055,39332,45.678863538655754,52.024882215264725
37347,14682,37.54256037370168,14.100878871062864
8501,44733,95.34799752288077,58.350602261867856
42461,48232,27.685552964867043,96.16720454905466
23971,2765,67.13717222562005,75.19038000982414
70361,49080,79.79872005725537,25.161401454802313
76601,38637,20.306670869718072,44.81855937257222
84029,26929,96.36898678774213,43.117898088875705
4151,5350,54.570766619168346,10.69682899165849
96792,11946,90.62008483807955,88.69916788708893
9143,3429,66.06034384705637,38.76414894752697
14465,21052,64.6438313761237,49.93170149930537
64666,13341,34.86743674553795,29.833529712780294
81170,32145,76.51783405575661,16.087167051986018
18733,8931,3.919059085588012,90.30895135737589
9200,48995,55.470407247737015,4.702350288349971
70035,49041,4.149628193936604,40.588070630296926
54439,34988,31.07344353232458,73.33884726775126
43073,45584,10.436986460726018,31.576933901885738
32745,12334,90.33592077840856,45.15683208926233
45451,45665,62.5695159208077,56.8832478523774
16285,45573,66.51404045366807,99.51307961134493
61820,6375,84.41058558052409,76.07183244228577
38355,38243,72.83718257572065,96.74442200192225
8874,2850,13.171166462441214,69.6214019249467
88304,2353,61.51875665943664,27.636235921154483
24307,15913,96.86073157851114,29.461392094962854
8161,49414,21.983357310817983,82.42396603335719
83596,5044,61.73196524967675,43.343635628470835
69308,1370,56.23420278389056,37.652195146923816
80780,43277,39.381312487891414,94.56430861092089
35151,43597,94.55426759923743,2.310083480604438
67034,24529,35.92723779027062,52.971721634984355
43600,32551,10.180683383250386,77.73258907149413
62593,14584,95.3292124118248,73.88073260206423
34837,34032,72.46358026791228,37.3898643266602
21660,41138,34.56008781058641,54.029182871844526
43555,28882,28.490139258791988,1.5521521740995745
45787,9298,91.94661313178585,53.948196700471364
9538,28732,27.807897644099114,59.44972141354275
76950,10796,53.64145192423752,87.60434242162887
18212,21997,22.06559697823599,21.862989711200044
59973,26403,98.53103216368787,82.68942552837305
61545,24094,76.41184145462357,72.08858456477552
19070,28493,56.62822413506364,66.93705562371396
15134,18215,74.09099201991549,40.04439460577521
3698,49199,90.8040607268805,37.376003762327414
56203,39151,95.38617105321772,70.62286102094474
24011,26050,78.02985067369494,99.03209821096796
31478,46713,84.20846489665618,41.13002215869175
50775,31014,39.983804609466915,91.94137798207488
39589,17540,39.3986535269507,59.06796315407661
46014,46243,80.21307196888183,86.94839970341629
88682,15161,75.44326360858159,22.5018542571514
78832,19839,89.2962069548643,76.46097539970431
54756,41822,14.034950028004129,83.65940756344067
54791,3282,68.69968563183555,83.3847448502313
44820,20636,64.46952691321476,78.68642649125336
37958,36695,79.25494435464627,31.115367343538374
32416,7664,3.4061337208381883,52.6730717585493
43260,40125,81.97273967524373,30.670773237312307
23038,35700,32.98981202129778,34.95362476416257
38836,409,68.33796883996705,30.820669475232044
53184,23502,61.42283801415434,29.138477752162338
37980,22391,44.1394354412931,69.64874557834789
84399,32916,74.11069832140252,65.37610623214712
55301,7384,95.19945518072004,21.222159227689293
85292,11984,32.700548032344514,69.46035328990337
84863,14306,74.34671655057804,29.81579099817331
91185,9053,31.82463039466452,20.970115120430425
22458,30559,83.87400775097608,74.97793615979081
54055,42930,43.85277025716383,36.92394118807418
67978,48043,45.02804193799802,57.365701908141716
38670,48733,76.64429695137554,20.812272086097014
78622,18309,49.624630548753785,61.755689895266066
94925,29320,27.131172558207755,21.591350024243734
49573,31877,98.56261949960364,17.52081541992654
34318,48785,61.782088505672384,39.26632860672588
11643,9482,64.22465656132641,79.21612210207664
92999,27424,64.36502794810025,18.476900477744717
11382,47334,87.5691884765323,12.585630183843913
85681,11312,19.019456553876733,4.133121553719771
14204,5586,6.796847507104598,42.180609896512415
29878,49886,38.896650160806125,28.920481424794115
77321,14479,56.36070768982988,29.918736610617575
25354,948,28.999542875288167,98.2122523367196
88300,42697,68.54228644013857,20.218216887597094
67642,21501,8.24376593585372,46.38427800142212
49948,39632,78.48952816618079,98.65044895266152
17109,38264,71.37242993050172,4.031187209579276
19603,1881,21.966589143067463,69.9690870228607
17745,5634,30.248515383401507,37.73721227308856
95249,2531,80.08620039417697,90.70366374756489
43723,12667,76.78710861577457,91.28220233498031
89337,27200,80.74908341872478,39.334060857989606
64237,6214,32.57979879939765,22.924883062746165
87515,20845,96.01797598038614,43.3723403917812
13419,27918,71.10314647864918,96.56532118682534
90540,33435,7.389677164881963,28.85846032292489
69493,45850,47.81801569307252,98.15046202507023
60816,8390,66.12561045631504,82.11975828188588
81480,5352,17.527718850008487,27.477780822082828
59420,7936,89.37335481266442,79.31587724120723
76148,7839,74.90265271274247,5.930144870080576
98678,31848,8.980313237850558,55.25827427888488
30678,16546,90.49341460809495,36.37756477770991
66999,5382,40.62822865072678,43.26666383998709
84298,9311,45.34200880170154,47.8125794693515
14484,10735,77.74459972181558,50.76856325972714
41275,42103,64.11177297321845,65.98481517440973
72085,18663,43.87781213406349,69.98092575044403
77162,12213,26.44321645015627,97.5946996252311
30328,21726,51.655781733042815,76.51508820372362
25208,41990,57.75961524327843,69.09197979596333
79824,24105,62.831370071915046,39.853429509140625
15099,18791,60.29619845938675,12.662998384237289
82422,39910,61.49574263769325,6.820053525121158
13088,38877,47.622284306131924,48.29078632218933
4067,6801,56.065008221923094,67.15741455009885
45247,38057,29.286542100178167,65.36582527458296
59643,36911,16.520741697875046,95.3332805973367
95315,27221,60.47969721353781,38.860567350991644
14390,37303,5.605871803942922,63.15059751072065
44397,19415,7.390282428275116,88.89950836614426
82425,24455,25.236967626420707,41.00369790122163
18616,45394,20.044047229227328,48.29657213221788
61561,21500,37.66308688124651,92.37431669517724
92702,12904,37.38630365224127,55.47395334998126
90438,27208,12.451834663429649,80.16138388824412
1539,4014,25.15729493196103,93.62675978605432
40767,20518,1.4477786226898643,57.5347458170442
98955,4910,35.394453404060854,11.809509930446156
99412,21085,79.0506474011922,82.34829542366448
43656,1173,27.083678872487457,81.96043437423407
21978,42061,64.04811831245064,12.383534240008025
44997,14700,10.629007519660142,55.263697009940536
68955,2908,2.2038978325735403,49.22147790978012
2188,49884,49.84285916054522,84.86913033793313
40308,31422,46.22543946388388,28.18815541330882
64759,3705,19.76888144452404,43.20149312031408
82519,27228,29.085325724066827,60.87431342917425
41362,29985,4.005797879073797,52.207274071460816
73776,33598,79.18438790628726,95.54839319466163
58393,29225,30.525704241128906,96.1050754455465
70230,34260,22.506729103868512,9.075676587655884
45556,47884,79.85645470462389,30.48685223718872
17454,40636,4.848822577908683,1.7459467554455066
93066,4550,28.883530073718994,42.36817450196363
42451,19193,26.749741270012994,66.55176623524567
50625,22427,26.77131621935374,47.65719332750063
82698,43211,2.1265843969168645,7.651005482454194
13311,32143,92.59782846077631,20.39966751252603
32712,43271,85.68622950272939,18.1558434817442
42428,3170,41.62031957506892,51.60170068613344
84380,35363,44.65262366032154,68.09032155854638
87229,20475,52.36711602508951,32.316216891911225
73061,16267,47.874955521326044,13.91554637001992
92821,38693,77.35510175058886,80.06116715918434
61844,25996,48.86515300963787,85.97782184477673
84359,2878,19.504817710984323,28.37233313103032
34796,14808,12.463244905660249,42.654022533759566
59187,17896,90.99060046780473,9.111179160020075
15725,40760,5.741500600518636,23.54202905620203
22510,47397,88.96093325763358,76.93303742696823
1722,30428,68.6669608324236,37.15459107114662
93942,33371,40.66105923963632,60.864534274773476
49617,23485,19.343487970480943,94.6722635579451
53552,43582,31.42725671200818,72.64014673628836
96507,22333,52.92762247764127,45.89176627676158
53463,41725,65.37139248148114,37.3211507262116
20258,32087,68.76429764585728,19.862174481135593
43697,32564,44.83478374952532,75.85786722507706
23633,36207,37.649461152893245,12.130096696794544
62479,11984,76.29511411742492,7.077975347505205
44584,38137,91.69051685466815,11.37803885114191
7690,46422,90.61757104427187,25.047633299608165
9151,47433,55.058835577103494,63.08521807213504
57598,27789,8.743991123383296,86.27168320044585
23871,36469,8.18240153552625,99.26961790304905
26363,19569,40.4700580841354,73.41693063319323
92679,38081,72.8196444594754,15.451732472381414
25030,11075,49.73971541178214,28.492771054819524
35656,46709,62.48150580849777,14.06668768306364
25739,40220,83.64526836544472,12.439626369864614
42361,3545,4.9528872013106335,57.20553220559689
19916,17771,91.53402517630285,90.7655826337783
75080,21522,33.427944256506,68.74830977219526
44844,48990,5.585161033080263,80.26436952877629
53305,6246,82.87199654215956,51.301579374350396
83184,43431,92.54709454380409,48.056789360725126
2065,35829,76.32495716339432,93.81097205257848
24518,9406,79.842513436588,72.47449916849017
12646,46052,86.38821865201957,46.474769950284376
83126,35553,52.19162607931409,33.92566220464494
95317,38125,67.68536222494274,10.219621818669454
55915,37631,29.072255027833396,82.277308194234
20885,23190,25.470650463246702,17.76304559703376
6862,12960,60.67637937031597,51.98656710173652
7215,39415,72.99156110102753,64.09064469651275
63279,228,39.91977466167884,74.66373242115208
10851,17471,40.22852588223419,9.251012253532803
36524,20268,94.51488966006042,2.057927758884196
75006,23860,51.80911858970052,70.89484108861346
90194,22218,97.65585902964477,45.98473620121684
25206,22611,85.5585813332692,18.932400629932335
42010,37623,63.68644975894077,98.22071379356214
88162,23794,1.895288106789668,79.34406136999871
16921,43567,30.00066584347598,58.27279305487749
64314,6381,41.92909087572786,70.50860219667312
28174,31519,64.97586115404815,16.34732218826145
42283,3618,39.76126116271663,96.2602943116203
77150,37241,82.12674073410656,99.64034082568052
8845,32514,65.96471661061612,65.19610546413826
62987,45822,35.021688356029514,67.16294754283246
84364,36804,77.87453663963565,70.74139404780396
16273,31060,30.702850808243593,66.91283612043799
79199,19747,7.153087509185713,44.415542015778996
11348,6290,17.91051606692251,54.52694748486787
2778,14238,1.268568291733614,28.98989355152714
36306,32670,82.57032746396327,45.237943721829296
41571,45906,62.456632599138615,44.17422729362065
30714,28836,56.915792453815314,29.52590180902176
77324,33127,65.880728946308,78.88377712923582
6336,27224,65.05263585015351,41.557528433258376
49740,40095,56.4189942038581,55.619812617713954
72656,29937,83.55618447552952,16.452961795409596
39297,42711,44.2128069835594,48.021723117880704
93713,41815,79.87132581557687,76.38407778914377
23015,45029,78.09010109885986,45.008038271585505
73893,34710,20.551473913726895,56.21639700087298
88860,42336,45.46881120225291,70.46895182753914
16208,34735,82.82335794826236,39.508581887085874
45484,6549,82.42380880252333,35.9749727048973
72324,21655,3.3526430963678333,9.488453849054933
84168,13928,22.858911998099536,58.64496704195926
92665,45420,42.53969087210392,70.98889635724879
50211,2291,5.621126626742715,58.54399368905472
89435,18407,26.54121304367998,29.06900916410655
69749,22372,26.31338421041221,26.971350753554194
66653,21960,22.02770143477372,16.789273707404938
40591,12282,39.872579910816974,5.652092268031071
90279,36796,80.67505584392913,43.26092558639284
66821,34133,24.923136841576742,16.891511803934534
96772,29929,58.04259657514406,69.38897239809899
60036,48731,55.642649907730394,96.21156794080628
83925,28055,81.15656012460825,8.274674002917035
7745,15508,39.61194174221915,89.40262258342986
86613,30385,22.909724577182864,66.11389276125301
72225,27198,88.36902360050964,86.16761909023802
38877,13316,82.62881218250459,16.340926268104262
21595,31695,61.907360601510014,90.74172082664344
40975,26115,10.137458860097166,95.82931032437395
45296,39613,2.579547262896955,90.76469678629213
74848,24829,18.89721287185028,78.7644635128859
44629,6598,20.270578726777437,9.940121468750059
81076,15549,14.352246913832275,22.852376059613217
28109,17806,26.693774387566922,91.40038589964766
16181,46552,34.1130790031234,23.713005425452653
95302,9498,74.93496317120656,35.42368919939157
20854,37924,70.53316958634429,5.997212561160607
32473,36021,11.229173526011532,63.18120745688802
72485,26320,96.75648340630998,56.766791304659165
96032,46025,74.70964690868784,96.21539512285798
95822,31195,17.01645942316138,89.34211889339961
95517,2732,13.200663951136312,51.088445195339396
79500,7972,9.579594853530578,61.324393002199876
75860,13315,72.71528933257635,41.90648519534662
91104,34955,24.15608292628822,14.113454603373224
99705,11817,8.150863527955654,86.91126894842007
64659,23581,42.33910572395772,55.40431951954796
13471,19240,70.45244627723991,43.11382026470687
99320,42937,30.84652875292307,7.778075197409226
87569,4900,48.29926609696223,66.8729574271177
85934,47605,19.88214688262413,40.56682566981844
15491,2007,43.056555045382694,26.1158907617286
2044,42503,36.176338679662834,87.79857390514425
88460,33749,43.524004688375506,19.179551598908823
38998,32865,46.63973668709524,51.98696756972981
92951,18704,10.045286487474323,79.77984584372665
92450,38585,10.150098522510294,85.05840253815508
91751,11002,26.539837217781308,82.05183459204208
58801,24352,12.344318703356434,89.76600719534389
75803,4611,25.77286273744808,15.0933803785979
8440,47124,3.4053103912183134,94.10539470676181
83725,29805,35.372462253722624,2.069490317120119
95794,13641,21.914199555249915,26.334496173325846
49032,26690,88.43034228803025,9.319835874870957
42822,15730,85.09944428996397,94.60778038198008
54035,728,30.441046313504124,42.969629683224355
12351,12187,47.59754122273401,32.211671082950964
90107,47104,94.66762633034678,17.541658889566033
10646,18024,52.36144461660618,16.4259728366049
3628,48254,84.1464604960639,61.77923691825226
63105,35336,81.98472812767614,5.661332472849929
11345,18000,93.2463192655759,59.83870714792368
58670,13462,30.958663029581675,77.69028784768184
90306,44344,5.257676272209375,60.50047182892443
57081,33023,11.187465907162371,82.83129803654995
52045,1855,56.98715685337043,27.260611700797305
96838,2170,52.96724127175377,8.63998024355393
17705,26087,30.248397251056446,72.3780710754274
19747,10871,25.373903145133916,82.98490864873611
70739,23119,70.51938010206887,50.66597711997996
64406,15041,34.369281456254114,82.24107705888677
88788,1992,60.18727502141486,46.33399639007136
19972,28368,70.80477147781116,20.654235758323495
45001,43815,43.18560697538148,47.965007743080925
18934,2877,19.95381401670298,22.3791142462102
66773,40198,85.35645578327247,47.73112550801255
11575,11143,10.166033026382205,15.607604358714513
94505,27044,82.2881269265291,19.37064507123532
27624,41373,82.99459846246502,88.40836378223895
66656,4545,56.9579279914374,12.469959879950547
77808,19331,62.68865303951561,23.203153729444924
83103,33077,36.085671986272104,99.55648501154371
12923,28485,83.4752537683894,58.025833092987874
46944,40747,26.842961185016122,58.99610249878711
84713,17502,55.85805424045523,84.65211676581096
99633,12176,1.1758938750854215,52.907644012406784
5917,37811,93.1046243803415,22.95641339486202
79865,16271,93.93305937258727,42.82418907377764
73917,25936,70.62083514441231,75.74512410941574
49403,40525,42.47750352194501,87.37239540589562
47076,40314,18.50388793442101,28.047178674831226
82802,6508,49.26136283195307,26.93555114978013
76080,25954,78.55822629002924,33.43321241457177
72374,278,60.31681494071455,60.02485928576159
87031,37663,52.69466400217435,28.57239749502817
93812,2020,84.24553290601469,89.42055562059866
17389,22695,31.687125719118356,97.82275128291508
99110,40770,85.27646908364876,68.23287232696885
53910,45231,44.06643346835153,97.05966990917226
93174,31755,1.236555471416981,29.497196381427706
33053,4277,72.73031675460672,81.70186496536877
97721,27858,87.02865169522906,68.16601934463102
22930,18159,48.4673622238886,27.05599123573967
74184,9858,45.565291177200336,32.52232074422207
2663,10139,79.9339457020366,49.373940983835126
49653,16121,87.70792520170116,79.37269031691699
92681,29067,96.49317036739842,87.3500046513245
34153,10373,34.87372852981797,63.760757331399105
87777,18916,59.27949914002849,72.43606085020865
44881,38103,81.64599779738742,27.12110422388226
73975,17884,53.12148850530693,74.36608342803906
27861,39009,46.26162665288293,60.893001486169354
69509,20714,57.04934395679018,23.069169619382738
7614,38759,35.972965928195556,95.06851018863757
81998,24466,19.823457221468875,51.77310133207087
62234,17689,7.529849114168744,79.65173992650489
26842,450,60.77811491582495,53.035663913929135
50366,46820,38.15516742523544,93.36073491731408
86746,38457,87.52939431877141,14.986659079142035
32618,21786,22.849999552029708,55.06930795128522
64608,10224,31.449741700873396,3.4903452039253255
61967,46497,96.10961115023714,20.54196566127329
64004,48799,55.516538062072385,28.82162395576736
80766,42985,34.98179819923312,47.78839703863735
93903,44663,85.36764373323241,82.19709308498554
25720,36282,73.85075877445807,47.19879555608274
66272,21500,57.168007523761126,56.55753275133102
97212,18848,88.1317697087321,92.48138170744973
93644,11424,10.208229391946169,75.89671398570404
1836,26934,39.66040646593103,5.970135433325055
29244,1137,80.43391017492088,18.469796481434123
26921,3924,38.82241341098683,4.783533700995456
